<?xml version="1.0" encoding="UTF-8"?>
<project-private xmlns="http://www.netbeans.org/ns/project-private/1">
    <editor-bookmarks xmlns="http://www.netbeans.org/ns/editor-bookmarks/2" lastBookmarkId="0"/>
    <open-files xmlns="http://www.netbeans.org/ns/projectui-open-files/2">
        <group>
            <file>file:/C:/Users/ydviv/Downloads/Cab%20Booking%20System/src/cab/booking/system/DeleteCustomer.java</file>
            <file>file:/C:/Users/ydviv/Downloads/Cab%20Booking%20System/src/cab/booking/system/BookCab.java</file>
            <file>file:/C:/Users/ydviv/Downloads/Cab%20Booking%20System/src/cab/booking/system/Add_Intercity_Driver.java</file>
            <file>file:/C:/Users/ydviv/Downloads/Cab%20Booking%20System/src/cab/booking/system/ViewInterCityBookedCab.java</file>
            <file>file:/C:/Users/ydviv/Downloads/Cab%20Booking%20System/src/cab/booking/system/BookIntercityCab.java</file>
            <file>file:/C:/Users/ydviv/Downloads/Cab%20Booking%20System/src/cab/booking/system/LoginPage.java</file>
            <file>file:/C:/Users/ydviv/Downloads/Cab%20Booking%20System/src/cab/booking/system/PaymentForm.java</file>
            <file>file:/C:/Users/ydviv/Downloads/Cab%20Booking%20System/src/cab/booking/system/Conn.java</file>
            <file>file:/C:/Users/ydviv/Downloads/Cab%20Booking%20System/src/cab/booking/system/Trucking.java</file>
            <file>file:/C:/Users/ydviv/Downloads/Cab%20Booking%20System/src/cab/booking/system/icons/home.jpg</file>
            <file>file:/C:/Users/ydviv/Downloads/Cab%20Booking%20System/src/cab/booking/system/AddCustomer.java</file>
            <file>file:/C:/Users/ydviv/Downloads/Cab%20Booking%20System/src/cab/booking/system/PdfGenerator.java</file>
            <file>file:/C:/Users/ydviv/Downloads/Cab%20Booking%20System/src/cab/booking/system/ViewCustomer.java</file>
            <file>file:/C:/Users/ydviv/Downloads/Cab%20Booking%20System/src/cab/booking/system/Login.java</file>
            <file>file:/C:/Users/ydviv/Downloads/Cab%20Booking%20System/src/cab/booking/system/ViewBookedCab.java</file>
            <file>file:/C:/Users/ydviv/Downloads/Cab%20Booking%20System/src/cab/booking/system/Payment.java</file>
            <file>file:/C:/Users/ydviv/Downloads/Cab%20Booking%20System/src/cab/booking/system/CabInvoiceGenerator.java</file>
            <file>file:/C:/Users/ydviv/Downloads/Cab%20Booking%20System/src/cab/booking/system/icons/viewall.jpg</file>
            <file>file:/C:/Users/ydviv/Downloads/Cab%20Booking%20System/src/cab/booking/system/icons/package2.jpg</file>
            <file>file:/C:/Users/ydviv/Downloads/Cab%20Booking%20System/src/cab/booking/system/icons/cab7.png</file>
            <file>file:/C:/Users/ydviv/Downloads/Cab%20Booking%20System/src/cab/booking/system/CreateTable.java</file>
            <file>file:/C:/Users/ydviv/Downloads/Cab%20Booking%20System/src/cab/booking/system/icons/intracab.png</file>
            <file>file:/C:/Users/ydviv/Downloads/Cab%20Booking%20System/src/cab/booking/system/About.java</file>
            <file>file:/C:/Users/ydviv/Downloads/Cab%20Booking%20System/src/cab/booking/system/ForgotPassword.java</file>
            <file>file:/C:/Users/ydviv/Downloads/Cab%20Booking%20System/src/cab/booking/system/UpdateCustomer.java</file>
            <file>file:/C:/Users/ydviv/Downloads/Cab%20Booking%20System/src/cab/booking/system/Home.java</file>
            <file>file:/C:/Users/ydviv/Downloads/Cab%20Booking%20System/src/cab/booking/system/ViewTruckingDetails.java</file>
            <file>file:/C:/Users/ydviv/Downloads/Cab%20Booking%20System/src/cab/booking/system/IndexPage.java</file>
            <file>file:/C:/Users/ydviv/Downloads/Cab%20Booking%20System/src/cab/booking/system/CabInvoice.java</file>
            <file>file:/C:/Users/ydviv/Downloads/Cab%20Booking%20System/src/cab/booking/system/AdminRegistration.java</file>
            <file>file:/C:/Users/ydviv/Downloads/Cab%20Booking%20System/src/paymentMethod.java</file>
            <file>file:/C:/Users/ydviv/Downloads/Cab%20Booking%20System/src/cab/booking/system/Signup.java</file>
            <file>file:/C:/Users/ydviv/Downloads/Cab%20Booking%20System/src/cab/booking/system/ViewCabs.java</file>
            <file>file:/C:/Users/ydviv/Downloads/Cab%20Booking%20System/src/cab/booking/system/CheckBill.java</file>
            <file>file:/C:/Users/ydviv/Downloads/Cab%20Booking%20System/src/cab/booking/system/Registration.java</file>
            <file>file:/C:/Users/ydviv/Downloads/Cab%20Booking%20System/src/cab/booking/system/icons/cab9.png</file>
            <file>file:/C:/Users/ydviv/Downloads/Cab%20Booking%20System/src/cab/booking/system/AdminSection.java</file>
            <file>file:/C:/Users/ydviv/Downloads/Cab%20Booking%20System/src/cab/booking/system/icons/newcustomer.jpg</file>
            <file>file:/C:/Users/ydviv/Downloads/Cab%20Booking%20System/src/cab/booking/system/icons/delete.png</file>
            <file>file:/C:/Users/ydviv/Downloads/Cab%20Booking%20System/src/cab/booking/system/Add_Intracity_Driver.java</file>
            <file>file:/C:/Users/ydviv/Downloads/Cab%20Booking%20System/src/cab/booking/system/Add_Transport_Driver.java</file>
        </group>
    </open-files>
</project-private>
